<?xml version="1.0" encoding="utf-8"?>
<extension type="module" version="3.9.21" client="site" method="upgrade">
	<name>mod_orvideo</name>
	<author>open ROOM</author>
	<creationDate>Abril 2020</creationDate>
	<authorEmail>jaume.calafat@open-room.com</authorEmail>
	<authorUrl>https://www.open-room.com</authorUrl>
	<copyright>Copyright© 2019-2020</copyright>
	<license>GNU/GPL</license>
	<version>1.3.1</version>
	<description>Módulo para la inserción de un vídeo en la web. (v. 1.3.1) \n&lt;br /&gt;
	====================================================================================&lt;br /&gt;
	IMPORTANTE: Debes haber subido los vídeos previamente para poder indicar &lt;br /&gt;
	la ruta al archivo en la pestaña vídeos.&lt;br /&gt;
	====================================================================================&lt;br /&gt;
	- 1.3.1: Android fix.&lt;br /&gt;
	- 1.3.0: New Joomla Version.&lt;br /&gt;
	- 1.2.x: Minor fixes on 1.2.x versions.&lt;br /&gt;
	- 1.2.0: PopUp video function.&lt;br /&gt;
	- 1.1.0: New Joomla Version.&lt;br /&gt;
	- 1.0.2: Cambio tipo de form camp a texto.&lt;br /&gt;
	- 1.0.1: Cambio tipo de form camp.&lt;br /&gt;
	- 1.0.0: Sólo vídeos integrados con autostart o mostrando los controles.
	</description>
	<customContent />

	<files>
		<filename module="mod_orvideo">mod_orvideo.php</filename>
		<folder>tmpl</folder>
	</files>
	<languages>
		<language tag="es-ES">es-ES.mod_orvideo.ini</language>
		<language tag="es-ES">es-ES.mod_orvideo.sys.ini</language>
		<language tag="en-GB">en-GB.mod_orvideo.ini</language>
		<language tag="en-GB">en-GB.mod_orvideo.sys.ini</language>
	</languages>

	<help key="JHELP_EXTENSIONS_MODULE_MANAGER_CUSTOM_HTML" />
	<config>
		<fields name="params">
			
			<fieldset name="options" label="COM_MODULES_BASIC_FIELDSET_LABEL">
				<field
					name="prepare_content"
					type="radio"
					label="MOD_ORSLIDER_FIELD_PREPARE_CONTENT_LABEL"
					description="MOD_ORSLIDER_FIELD_PREPARE_CONTENT_DESC"
					class="btn-group btn-group-yesno"
					default="0"
					filter="integer"
					>
					<option value="1">JYES</option>
					<option value="0">JNO</option>
				</field>
				<field
					name="autoplay"
					type="radio"
					label="MOD_ORVIDEO_FIELD_AUTOPLAY_LABEL"
					description="MOD_ORVIDEO_FIELD_AUTOPLAY_DESC"
					class="btn-group btn-group-yesno"
					default="0"
					filter="integer"
					>
					<option value="1">JYES</option>
					<option value="0">JNO</option>
				</field>
				
				<field
					name="loop"
					type="radio"
					label="MOD_ORVIDEO_FIELD_LOOP_LABEL"
					description="MOD_ORVIDEO_FIELD_LOOP_DESC"
					class="btn-group btn-group-yesno"
					default="0"
					filter="integer"
					>
					<option value="1">JYES</option>
					<option value="0">JNO</option>
				</field>
				
				<field
					name="navigation"
					type="radio"
					label="MOD_ORVIDEO_FIELD_NAV_LABEL"
					description="MOD_ORVIDEO_FIELD_NAV_DESC"
					class="btn-group btn-group-yesno"
					default="0"
					filter="integer"
					>
					<option value="1">JYES</option>
					<option value="0">JNO</option>
				</field>
				<field
					name="activador"
					type="radio"
					label="MOD_ORVIDEO_FIELD_POPUP_LABEL"
					description="MOD_ORVIDEO_FIELD_POPUP_DESC"
					class="btn-group btn-group-yesno"
					default="0"
					filter="integer"
					>
					<option value="1">JYES</option>
					<option value="0">JNO</option>
				</field>
			</fieldset>
			
			<fieldset name="advanced">
				<field
					name="layout"
					type="modulelayout"
					label="JFIELD_ALT_LAYOUT_LABEL"
					description="JFIELD_ALT_MODULE_LAYOUT_DESC"
				/>
				<field
					name="moduleclass_sfx"
					type="textarea"
					label="COM_MODULES_FIELD_MODULECLASS_SFX_LABEL"
					description="COM_MODULES_FIELD_MODULECLASS_SFX_DESC"
					rows="3"
				/>

				<field
					name="cache"
					type="list"
					label="COM_MODULES_FIELD_CACHING_LABEL"
					description="COM_MODULES_FIELD_CACHING_DESC"
					default="1"
					filter="integer"
					>
					<option value="1">JGLOBAL_USE_GLOBAL</option>
					<option value="0">COM_MODULES_FIELD_VALUE_NOCACHING</option>
				</field>

				<field
					name="cache_time"
					type="number"
					label="COM_MODULES_FIELD_CACHE_TIME_LABEL"
					description="COM_MODULES_FIELD_CACHE_TIME_DESC"
					default="900"
					filter="integer"
				/>

				<field
					name="cachemode"
					type="hidden"
					default="static"
					>
					<option value="static"></option>
				</field>
				
			</fieldset>
			
			
			
			<fieldset name="video_data" label="MOD_ORVIDEO_FIELD_VIDEODATA">
				<field
					name="video_data_webm"
					type="text"
					label="MOD_ORVIDEO_FIELD_VIDEOWEBM_LABEL"
					description="MOD_ORVIDEO_FIELD_VIDEOWEBM_DESC"
				/>
				
				<field
					name="video_data_ogg"
					type="text"
					label="MOD_ORVIDEO_FIELD_VIDEOOGG_LABEL"
					description="MOD_ORVIDEO_FIELD_VIDEOOGG_DESC"
				/>
				<field
					name="video_data_mp4"
					type="text"
					label="MOD_ORVIDEO_FIELD_VIDEOMP4_LABEL"
					description="MOD_ORVIDEO_FIELD_VIDEOMP4_DESC"
				/>
			</fieldset>
			
			
		</fields>
	</config>
	<updateservers>
		<server type="extension" name="Vídeos OR Template">https://webprojects.open-room.com/updates/mod_orvideo/updates.xml</server>
	</updateservers>
</extension>
